% of Total,% of Total
", {0} failed",", {0} failed"
2D Plan — المخطط,2D Plan — المخطط
"A co-working space is a bookable resource — desks, rooms, studios, or any physical area.","A co-working space is a bookable resource — desks, rooms, studios, or any physical area."
A pending request already exists,A pending request already exists
A pending request already exists between these members,A pending request already exists between these members
About ARKSpace,About ARKSpace
About ARKSpace — عن أرك سبيس,About ARKSpace — عن أرك سبيس
Accent Color,Accent Color
Accept,Accept
Accept or Decline,Accept or Decline
"Accept payments via Stripe, Tap, or other gateways configured in ARKSpace Settings.","Accept payments via Stripe, Tap, or other gateways configured in ARKSpace Settings."
Accepted,Accepted
Achievement Badges,Achievement Badges
Action,Action
Action Controls,Action Controls
Actions,Actions
Active,Active
Active / ساري,Active / ساري
Active Members,Active Members
Active Members / الأعضاء النشطون,Active Members / الأعضاء النشطون
Active Membership,Active Membership
Active Memberships,Active Memberships
Active subscriptions,Active subscriptions
Activity based on bookings,Activity based on bookings
Actual,Actual
Add,Add
Add Co-working Spaces to see them on the floor plan.,Add Co-working Spaces to see them on the floor plan.
Add Credits,Add Credits
Add your co-working space locations. You can add more later.,Add your co-working space locations. You can add more later.
Add-on Amenities,Add-on Amenities
Address / العنوان,Address / العنوان
Adjust Time (optional),Adjust Time (optional)
Adjustment Type,Adjustment Type
Admin,Admin
"Admin, Manager, Front Desk, Ops, Member","Admin, Manager, Front Desk, Ops, Member"
Advanced,Advanced
All Booking Types,All Booking Types
All Branches,All Branches
All Floors,All Floors
All Floors — كل الطوابق,All Floors — كل الطوابق
All Skills,All Skills
All Spaces,All Spaces
All Types,All Types
Allow Anonymous Posts / السماح بالمنشورات المجهولة,Allow Anonymous Posts / السماح بالمنشورات المجهولة
Allow Cross-Location Booking / السماح بالحجز بين الفروع,Allow Cross-Location Booking / السماح بالحجز بين الفروع
Allow Day Passes / السماح بالتصاريح اليومية,Allow Day Passes / السماح بالتصاريح اليومية
Allow Walk-in / السماح بالحضور المباشر,Allow Walk-in / السماح بالحضور المباشر
Already checked in at {0},Already checked in at {0}
Already have an account?,Already have an account?
Always,Always
Amended From,Amended From
Amenities,Amenities
"Amenities are linked to spaces via Space Amenity child entries, enabling filter-by-amenity bookings.","Amenities are linked to spaces via Space Amenity child entries, enabling filter-by-amenity bookings."
"Amenities are the features available in a space — WiFi, projector, whiteboard, coffee machine, etc.","Amenities are the features available in a space — WiFi, projector, whiteboard, coffee machine, etc."
Amenities — المرافق,Amenities — المرافق
Amenity,Amenity
Amenity Catalog,Amenity Catalog
Amenity Fee / رسوم خدمات,Amenity Fee / رسوم خدمات
Amenity Name,Amenity Name
Amenity Total,Amenity Total
Amount,Amount
Amount / المبلغ,Amount / المبلغ
Amount must be greater than zero,Amount must be greater than zero
Amounts,Amounts
An account with this email already exists. Please login.,An account with this email already exists. Please login.
Analytics,Analytics
Analytics & reports,Analytics & reports
Analytics & Reports,Analytics & Reports
Analytics / التحليلات,Analytics / التحليلات
Analytics Dashboard,Analytics Dashboard
Analytics Overview,Analytics Overview
Analytics Snapshot,Analytics Snapshot
Analytics snapshot captured successfully,Analytics snapshot captured successfully
Analytics — التحليلات,Analytics — التحليلات
Announcement,Announcement
Anonymous Member,Anonymous Member
App Configuration,App Configuration
Applies To,Applies To
Approval,Approval
Approval Status,Approval Status
Approve,Approve
"Approve, cancel, check-in gated","Approve, cancel, check-in gated"
Approved,Approved
Approved By,Approved By
Arabic,Arabic
Arabic + RTL Support,Arabic + RTL Support
Arabic Font,Arabic Font
Arabic terms are required,Arabic terms are required
Archived,Archived
Are you sure you want to cancel this booking?,Are you sure you want to cancel this booking?
Are you sure you want to refund this payment?,Are you sure you want to refund this payment?
Are you sure you want to suspend this membership?,Are you sure you want to suspend this membership?
Area,Area
Area (sqm),Area (sqm)
ARK Booking Flow,ARK Booking Flow
ARK Command Center,ARK Command Center
ARK Command Center — مركز القيادة,ARK Command Center — مركز القيادة
ARK Community Network,ARK Community Network
ARK Community — شبكة المجتمع,ARK Community — شبكة المجتمع
ARK Explorer,ARK Explorer
ARK Explorer — المستكشف,ARK Explorer — المستكشف
ARK Live — المخطط التفاعلي,ARK Live — المخطط التفاعلي
ARK Live — عرض المساحات التفاعلي,ARK Live — عرض المساحات التفاعلي
ARK Onboarding,ARK Onboarding
ARK Onboarding — جولة تعريفية,ARK Onboarding — جولة تعريفية
ARK Scheduler — الجدول الزمني,ARK Scheduler — الجدول الزمني
ARKANOOR Marketplace,ARKANOOR Marketplace
ARKSpace,ARKSpace
ARKSpace Admin,ARKSpace Admin
ARKSpace Analytics Dashboard,ARKSpace Analytics Dashboard
ARKSpace Branch,ARKSpace Branch
ARKSpace Check-in,ARKSpace Check-in
ARKSpace Community,ARKSpace Community
ARKSpace Configuration,ARKSpace Configuration
"ARKSpace delivers enterprise-grade co-working management with full ERPNext integration — at zero licensing cost, fully open source.","ARKSpace delivers enterprise-grade co-working management with full ERPNext integration — at zero licensing cost, fully open source."
ARKSpace Front Desk,ARKSpace Front Desk
ARKSpace Help,ARKSpace Help
ARKSpace Help — مساعدة أرك سبيس,ARKSpace Help — مساعدة أرك سبيس
ARKSpace is a complete co-working space management system. This guided tour will show you how everything connects together.,ARKSpace is a complete co-working space management system. This guided tour will show you how everything connects together.
ARKSpace is a comprehensive co-working space management platform.,ARKSpace is a comprehensive co-working space management platform.
ARKSpace Management,ARKSpace Management
ARKSpace Manager,ARKSpace Manager
ARKSpace Member,ARKSpace Member
ARKSpace Onboarding,ARKSpace Onboarding
ARKSpace Operations,ARKSpace Operations
ARKSpace provides comprehensive analytics across all operations:,ARKSpace provides comprehensive analytics across all operations:
ARKSpace Sales,ARKSpace Sales
ARKSpace Settings,ARKSpace Settings
ARKSpace Settings not found. Please configure ARKSpace first.,ARKSpace Settings not found. Please configure ARKSpace first.
"ARKSpace tracks occupancy, revenue, member growth, bookings, and forecasts — all in one place.","ARKSpace tracks occupancy, revenue, member growth, bookings, and forecasts — all in one place."
ARKSpace uses CAPS (Capability-Based Access Control) for fine-grained security.,ARKSpace uses CAPS (Capability-Based Access Control) for fine-grained security.
ARKSpace Viewer,ARKSpace Viewer
ARKSpace — Enterprise Co-Working Management,ARKSpace — Enterprise Co-Working Management
ARKSpace — Member Portal,ARKSpace — Member Portal
Assign amenities to spaces so members can filter bookings by required facilities.,Assign amenities to spaces so members can filter bookings by required facilities.
Assigned Space,Assigned Space
Assigned To,Assigned To
Assignment,Assignment
"Attach code examples to documentation entries for API usage, integrations, and automation recipes.","Attach code examples to documentation entries for API usage, integrations, and automation recipes."
Attach legal documents and templates to contracts for compliance tracking.,Attach legal documents and templates to contracts for compliance tracking.
Attached Legal Documents / المستندات المرفقة,Attached Legal Documents / المستندات المرفقة
Attached Legals,Attached Legals
Attachments / المرفقات,Attachments / المرفقات
Attendees,Attendees
Attendees for {0},Attendees for {0}
attends,attends
Author / الكاتب,Author / الكاتب
Author Name / اسم الكاتب,Author Name / اسم الكاتب
Auto Generated,Auto Generated
Auto Renew,Auto Renew
Auto Renew / تجديد تلقائي,Auto Renew / تجديد تلقائي
Auto-Capture Snapshots / التقاط تلقائي للقطات,Auto-Capture Snapshots / التقاط تلقائي للقطات
Auto-created from Online Payment {0},Auto-created from Online Payment {0}
Auto-Expire Day Passes / انتهاء التصاريح تلقائياً,Auto-Expire Day Passes / انتهاء التصاريح تلقائياً
Auto-Expiry,Auto-Expiry
Auto-generated from Day Pass {0},Auto-generated from Day Pass {0}
Auto-generated from Membership {0},Auto-generated from Membership {0}
Auto-generated from Space Booking {0},Auto-generated from Space Booking {0}
Auto-generated receipts for every payment — linked to invoices and credit transactions.,Auto-generated receipts for every payment — linked to invoices and credit transactions.
Auto-Reconcile Payments,Auto-Reconcile Payments
Auto-refresh in {0}s,Auto-refresh in {0}s
Auto-renewal disabled,Auto-renewal disabled
Auto-renewal enabled,Auto-renewal enabled
"Automatic daily captures of occupancy, revenue, and membership metrics.","Automatic daily captures of occupancy, revenue, and membership metrics."
Available,Available
available,available
Available Credits,Available Credits
Available for Booking,Available for Booking
Available Placeholders,Available Placeholders
Available Plans,Available Plans
Available Spaces / المساحات المتاحة,Available Spaces / المساحات المتاحة
Available — متاح,Available — متاح
Average Booking Duration / متوسط مدة الحجز,Average Booking Duration / متوسط مدة الحجز
Average Revenue Per Booking / متوسط الإيراد لكل حجز,Average Revenue Per Booking / متوسط الإيراد لكل حجز
Avg Occupancy %,Avg Occupancy %
Avg Revenue,Avg Revenue
Award badges upon completing training modules or achieving milestones.,Award badges upon completing training modules or achieving milestones.
Award Criteria,Award Criteria
Awarded Badge,Awarded Badge
Back to Portal,Back to Portal
Badge,Badge
Badge #,Badge #
Badge Awarded On,Badge Awarded On
Badge Code,Badge Code
Badge Display,Badge Display
Badge Image,Badge Image
Badge Name,Badge Name
Badge Number,Badge Number
Badge Printed,Badge Printed
Badges,Badges
Badges appear on member profiles in the directory and community pages.,Badges appear on member profiles in the directory and community pages.
Bank Transfer / تحويل بنكي,Bank Transfer / تحويل بنكي
Base Amount,Base Amount
Base: {0} → Final: {1},Base: {0} → Final: {1}
Basic Hot Desk,Basic Hot Desk
Beginner,Beginner
Benefits,Benefits
Bilingual,Bilingual
Bilingual template requires both Arabic and English terms,Bilingual template requires both Arabic and English terms
Billing,Billing
Billing & Invoicing,Billing & Invoicing
Billing Cycle,Billing Cycle
Billing Cycle / دورة الفوترة,Billing Cycle / دورة الفوترة
Block,Block
Block Slot,Block Slot
Block Slot — حجب فترة,Block Slot — حجب فترة
Blocked for {0}: {1} to {2},Blocked for {0}: {1} to {2}
Book,Book
Book a Space,Book a Space
Book a Space — ARKSpace,Book a Space — ARKSpace
Book Now,Book Now
Book Now — احجز الآن,Book Now — احجز الآن
Book Space — حجز المساحة,Book Space — حجز المساحة
booked,booked
Booking,Booking
Booking / الحجز,Booking / الحجز
Booking Analytics,Booking Analytics
Booking approvals,Booking approvals
Booking Cancelled,Booking Cancelled
Booking cancelled,Booking cancelled
Booking cancelled successfully,Booking cancelled successfully
Booking Cancelled — {{ doc.booking_id or doc.name }},Booking Cancelled — {{ doc.booking_id or doc.name }}
Booking Confirmation,Booking Confirmation
Booking Confirmed,Booking Confirmed
Booking Confirmed — {{ doc.booking_id or doc.name }},Booking Confirmed — {{ doc.booking_id or doc.name }}
Booking created!,Booking created!
Booking created: {0},Booking created: {0}
Booking Duration,Booking Duration
Booking failed. Please check availability.,Booking failed. Please check availability.
Booking Flow,Booking Flow
Booking Flow Monitor,Booking Flow Monitor
Booking ID,Booking ID
Booking Lifecycle,Booking Lifecycle
Booking moved from {0} ({1} - {2}) to {3} ({4} - {5}),Booking moved from {0} ({1} - {2}) to {3} ({4} - {5})
Booking moved successfully,Booking moved successfully
Booking must be submitted,Booking must be submitted
Booking must be submitted before check-in,Booking must be submitted before check-in
Booking Patterns,Booking Patterns
Booking Patterns by Hour,Booking Patterns by Hour
Booking Payment / دفعة حجز,Booking Payment / دفعة حجز
Booking Prefix,Booking Prefix
Booking Revenue,Booking Revenue
Booking Revenue / إيرادات الحجوزات,Booking Revenue / إيرادات الحجوزات
Booking split at {0}. Second part: {1} in {2},Booking split at {0}. Second part: {1} in {2}
Booking split successfully,Booking split successfully
Booking status is {0} — cannot check in,Booking status is {0} — cannot check in
Booking Type,Booking Type
Booking Type — نوع الحجز,Booking Type — نوع الحجز
Booking Types,Booking Types
Booking updated,Booking updated
Booking {0} created for {1}!,Booking {0} created for {1}!
Booking {0} created!,Booking {0} created!
Booking {0} is already {1},Booking {0} is already {1}
Booking {0} is not submitted,Booking {0} is not submitted
Booking {0} is not submitted.,Booking {0} is not submitted.
Booking {0} not found,Booking {0} not found
"Booking {0} status is {1}, expected Checked In","Booking {0} status is {1}, expected Checked In"
"Booking {0} status is {1}, expected Confirmed","Booking {0} status is {1}, expected Confirmed"
Booking {0}: end time changed from {1} to {2},Booking {0}: end time changed from {1} to {2}
Bookings,Bookings
Bookings & CRM,Bookings & CRM
Bookings & Members,Bookings & Members
Bookings (Period),Bookings (Period)
Bookings / الحجوزات,Bookings / الحجوزات
Bookings by Hour,Bookings by Hour
Bookings swapped,Bookings swapped
Bookings — الحجوزات,Bookings — الحجوزات
Both bookings are in the same space. Nothing to swap.,Both bookings are in the same space. Nothing to swap.
Branch,Branch
Branch / الفرع,Branch / الفرع
Branch 2 (Optional),Branch 2 (Optional)
Branch 3 (Optional),Branch 3 (Optional)
Branch Code / رمز الفرع,Branch Code / رمز الفرع
Branch Comparison,Branch Comparison
Branch management,Branch management
Branch Manager / مدير الفرع,Branch Manager / مدير الفرع
Branch Name (Arabic) / اسم الفرع بالعربية,Branch Name (Arabic) / اسم الفرع بالعربية
Branch Name / اسم الفرع,Branch Name / اسم الفرع
Branch operations oversight,Branch operations oversight
Branch Transfers,Branch Transfers
Branch — الفرع,Branch — الفرع
Branches,Branches
Branches — الفروع,Branches — الفروع
Brand Consistency,Brand Consistency
Bronze,Bronze
Browse,Browse
Browse first,Browse first
Browse our plans and start your membership today!,Browse our plans and start your membership today!
Browse Spaces,Browse Spaces
Budget,Budget
Budget Monthly,Budget Monthly
"Build connections, share knowledge, and attend events:","Build connections, share knowledge, and attend events:"
Build your community,Build your community
Built-in CRM & Lead Pipeline,Built-in CRM & Lead Pipeline
Bulk Cancel,Bulk Cancel
Bulk Check In,Bulk Check In
Bulk Check Out,Bulk Check Out
Bulk Generate QR,Bulk Generate QR
Bulk No Show,Bulk No Show
Bulk {0} Result,Bulk {0} Result
Bundles,Bundles
Busiest Day / أكثر يوم ازدحاماً,Busiest Day / أكثر يوم ازدحاماً
Business,Business
Business Hours Only,Business Hours Only
Business Incubators,Business Incubators
Button Border Radius (px),Button Border Radius (px)
Button Font Weight,Button Font Weight
Buttons,Buttons
Cancel,Cancel
Cancel before check-in. Refund policies apply per space type.,Cancel before check-in. Refund policies apply per space type.
Cancel Booking,Cancel Booking
Cancel Registration,Cancel Registration
Cancel {0} booking(s)? This cannot be undone.,Cancel {0} booking(s)? This cannot be undone.
Cancellation,Cancellation
Cancellation failed,Cancellation failed
Cancelled,Cancelled
Cancelled / ملغي,Cancelled / ملغي
Cancelled At,Cancelled At
Cancelled Bookings / حجوزات ملغاة,Cancelled Bookings / حجوزات ملغاة
Cannot block — existing bookings: {0}. Move them first.,Cannot block — existing bookings: {0}. Move them first.
Cannot cancel before submitting,Cannot cancel before submitting
Cannot check in a visitor with status {0},Cannot check in a visitor with status {0}
Cannot determine payment amount from {0},Cannot determine payment amount from {0}
Cannot extend a {0} booking.,Cannot extend a {0} booking.
Cannot extend — conflict with: {0},Cannot extend — conflict with: {0}
Cannot move a {0} booking.,Cannot move a {0} booking.
Cannot send a networking request to yourself,Cannot send a networking request to yourself
Cannot send a request to yourself,Cannot send a request to yourself
Cannot split a {0} booking.,Cannot split a {0} booking.
Cannot swap a {0} booking ({1}).,Cannot swap a {0} booking ({1}).
Cannot swap — conflict for {0} in {1},Cannot swap — conflict for {0} in {1}
Capabilities,Capabilities
Capacity,Capacity
Capacity & Pricing,Capacity & Pricing
Capacity & Size,Capacity & Size
Capacity / السعة,Capacity / السعة
Capacity must be at least 1,Capacity must be at least 1
"Capacity recalculated: {0} desks, {1} offices, {2} meeting rooms","Capacity recalculated: {0} desks, {1} offices, {2} meeting rooms"
CAPS Field-Level Security,CAPS Field-Level Security
Card,Card
Card / بطاقة,Card / بطاقة
Card Last 4,Card Last 4
Cash,Cash
Cash / نقدي,Cash / نقدي
Category,Category
Category / الفئة,Category / الفئة
Change Password,Change Password
Check / شيك,Check / شيك
Check In,Check In
Check In Now,Check In Now
Check in {0} booking(s)?,Check in {0} booking(s)?
Check Out,Check Out
Check out {0} booking(s)?,Check out {0} booking(s)?
Check-in,Check-in
Check-in failed,Check-in failed
"Check-in frequency, booking patterns, membership utilization per member.","Check-in frequency, booking patterns, membership utilization per member."
Check-out failed,Check-out failed
Checked In,Checked In
Checked In / تم تسجيل الدخول,Checked In / تم تسجيل الدخول
Checked In At,Checked In At
Checked in successfully,Checked in successfully
Checked in!,Checked in!
Checked Out,Checked Out
Checked Out At,Checked Out At
Checked out — Duration: {0}h,Checked out — Duration: {0}h
Checked out!,Checked out!
Checking in visitor...,Checking in visitor...
Checking in...,Checking in...
Checking out...,Checking out...
Checkout URL,Checkout URL
Choose a Plan,Choose a Plan
Choose a topic to explore. Each path includes visual explanations.,Choose a topic to explore. Each path includes visual explanations.
Choose a topic to learn about:,Choose a topic to learn about:
Choose Plan,Choose Plan
Choose Your Pass,Choose Your Pass
Churned,Churned
Churned Members / أعضاء مغادرون,Churned Members / أعضاء مغادرون
City / المدينة,City / المدينة
"Classroom booking, study halls, lab scheduling. Day pass for visitors, membership for enrolled students.","Classroom booking, study halls, lab scheduling. Day pass for visitors, membership for enrolled students."
Click on a space to view details or book,Click on a space to view details or book
Closing Time / وقت الإغلاق,Closing Time / وقت الإغلاق
Cloud Storage (GB),Cloud Storage (GB)
Co-Working Day Pass Fee,Co-Working Day Pass Fee
Co-Working Membership Fee,Co-Working Membership Fee
Co-working Space,Co-working Space
Co-Working Space Booking,Co-Working Space Booking
Co-working Space Management,Co-working Space Management
Code Examples,Code Examples
Code Examples — أمثلة البرمجة,Code Examples — أمثلة البرمجة
Code Snippets,Code Snippets
Color,Color
Colors,Colors
Command Center,Command Center
Comments Count / عدد التعليقات,Comments Count / عدد التعليقات
Commercial Register / السجل التجاري,Commercial Register / السجل التجاري
Community,Community
Community & Events,Community & Events
Community / المجتمع,Community / المجتمع
Community Board,Community Board
Community Board & Networking,Community Board & Networking
Community Board — لوحة المجتمع,Community Board — لوحة المجتمع
Community Event,Community Event
Community Events,Community Events
Community events,Community events
Community Features,Community Features
Community Feed,Community Feed
Community management,Community management
Community Network,Community Network
Community Post,Community Post
Community Posts,Community Posts
Company,Company
Company / الشركة,Company / الشركة
Company License / ترخيص الشركة,Company License / ترخيص الشركة
Company Name,Company Name
Company Representative / ممثل الشركة,Company Representative / ممثل الشركة
Compare snapshots over time to identify trends and optimize operations.,Compare snapshots over time to identify trends and optimize operations.
Comparison Report,Comparison Report
Complete,Complete
Complete Tour,Complete Tour
Completed,Completed
Completed At,Completed At
Completion,Completion
Completion Date,Completion Date
Completion Status,Completion Status
Compliance Tracking,Compliance Tracking
Complimentary,Complimentary
Condition,Condition
Conditions,Conditions
Configure brand colors and assets that apply across all ARKSpace pages.,Configure brand colors and assets that apply across all ARKSpace pages.
"Configure payment gateways, notification preferences, QR settings, and branch defaults.","Configure payment gateways, notification preferences, QR settings, and branch defaults."
Configure your co-working space management system.,Configure your co-working space management system.
Confirm,Confirm
Confirm Booking — تأكيد الحجز,Confirm Booking — تأكيد الحجز
Confirmed,Confirmed
Confirmed Booking,Confirmed Booking
Confirmed — مؤكد,Confirmed — مؤكد
Conflict in target space for the second part.,Conflict in target space for the second part.
Conflict with existing bookings: {0},Conflict with existing bookings: {0}
Connect,Connect
"Connect ERPNext billing, WhatsApp notifications, and CAPS security from one place.","Connect ERPNext billing, WhatsApp notifications, and CAPS security from one place."
Connect with Members,Connect with Members
connected,connected
Connection,Connection
Connection accepted!,Connection accepted!
Connection request accepted,Connection request accepted
Connection request declined,Connection request declined
Connection request sent to {0},Connection request sent to {0}
Connections,Connections
Consider adding feedback for completed tours,Consider adding feedback for completed tours
"Consider setting at least one pricing tier (hourly, daily, or monthly)","Consider setting at least one pricing tier (hourly, daily, or monthly)"
Contact / التواصل,Contact / التواصل
Contact us to set up your membership and start using ARKSpace.,Contact us to set up your membership and start using ARKSpace.
Contacted,Contacted
Content,Content
Content / المحتوى,Content / المحتوى
Contract / العقد,Contract / العقد
Contract Date / تاريخ العقد,Contract Date / تاريخ العقد
Contract Management,Contract Management
Contract Period / مدة العقد,Contract Period / مدة العقد
Contract Template,Contract Template
Contract Template / نموذج العقد,Contract Template / نموذج العقد
Contract Templates — قوالب العقود,Contract Templates — قوالب العقود
Contract terms (Arabic or English) are required before submission,Contract terms (Arabic or English) are required before submission
Contract Terms / شروط العقد,Contract Terms / شروط العقد
Contract Title / عنوان العقد,Contract Title / عنوان العقد
Contract Type,Contract Type
Contracts — العقود,Contracts — العقود
Conversion,Conversion
Convert,Convert
Convert leads to members or booking customers.,Convert leads to members or booking customers.
Convert to Customer,Convert to Customer
Convert to Membership,Convert to Membership
Convert tour visitors into members or booking customers directly from the tour record.,Convert tour visitors into members or booking customers directly from the tour record.
Convert {0} to a Customer?,Convert {0} to a Customer?
Converted,Converted
Converted Customer,Converted Customer
Converted Membership,Converted Membership
Converted to Membership,Converted to Membership
Converting to membership...,Converting to membership...
Coordinates / الإحداثيات,Coordinates / الإحداثيات
Corporate,Corporate
Cost,Cost
"Cost, revenue, pricing masked per role","Cost, revenue, pricing masked per role"
Could not generate payment link. Please try again.,Could not generate payment link. Please try again.
Count,Count
Country / البلد,Country / البلد
Cover Image,Cover Image
Create & Check In,Create & Check In
Create Account,Create Account
"Create and manage contracts for memberships, space rentals, and services.","Create and manage contracts for memberships, space rentals, and services."
Create and manage training sessions for member skill development.,Create and manage training sessions for member skill development.
Create Booking,Create Booking
"Create contract templates with standard terms for memberships, space rental, and services.","Create contract templates with standard terms for memberships, space rental, and services."
"Create events with capacity limits, RSVP, and space allocation.","Create events with capacity limits, RSVP, and space allocation."
"Create internal documentation for space policies, procedures, and member guidelines.","Create internal documentation for space policies, procedures, and member guidelines."
"Create membership plans with different access levels, amenities, and pricing.","Create membership plans with different access levels, amenities, and pricing."
"Create rules that adjust pricing based on peak hours, membership tier, duration, or advance booking.","Create rules that adjust pricing based on peak hours, membership tier, duration, or advance booking."
Create Space Types first to use the scheduler.,Create Space Types first to use the scheduler.
Create your first membership plan to get started.,Create your first membership plan to get started.
Created from split of {0} at {1},Created from split of {0} at {1}
Creating a Booking,Creating a Booking
Creating day pass...,Creating day pass...
Creating membership...,Creating membership...
Creating your account...,Creating your account...
Creating your day pass...,Creating your day pass...
Creative,Creative
Credit,Credit
Credit Flow,Credit Flow
Credit Transaction,Credit Transaction
Credit Transactions — معاملات الرصيد,Credit Transactions — معاملات الرصيد
Credit Wallet,Credit Wallet
Credit Wallet — محفظة الرصيد,Credit Wallet — محفظة الرصيد
Credits,Credits
credits,credits
"Credits can be added via online payment, manual adjustment, or membership plan allocation.","Credits can be added via online payment, manual adjustment, or membership plan allocation."
CRM & Leads,CRM & Leads
CRM & Sales,CRM & Sales
CRM Pipeline,CRM Pipeline
CRM pipeline management,CRM pipeline management
CRM — إدارة العملاء,CRM — إدارة العملاء
CRM — العملاء,CRM — العملاء
Cross-Location Search,Cross-Location Search
Cross-Location Space Search,Cross-Location Space Search
Cross-references,Cross-references
Currency,Currency
Currency / العملة,Currency / العملة
Current,Current
Current Attendees / الحضور الحالي,Current Attendees / الحضور الحالي
Current Member,Current Member
Current Occupancy / الإشغال الحالي,Current Occupancy / الإشغال الحالي
Current Occupant,Current Occupant
Current plan,Current plan
Current space,Current space
Currently Occupied,Currently Occupied
Custom,Custom
Customer Group,Customer Group
Customer ID,Customer ID
Customer Name,Customer Name
Customer Type,Customer Type
"Customize colors, logo, and layout for the member-facing portal.","Customize colors, logo, and layout for the member-facing portal."
Daily,Daily
Daily Price,Daily Price
Daily Rate,Daily Rate
Daily Snapshots,Daily Snapshots
"Daily/weekly/monthly revenue breakdown by branch, space type, and payment method.","Daily/weekly/monthly revenue breakdown by branch, space type, and payment method."
Danger Color,Danger Color
Dashboard,Dashboard
Dashboard KPIs,Dashboard KPIs
Date,Date
Date Format,Date Format
Date From,Date From
Date Range,Date Range
Date Range condition requires both start and end dates,Date Range condition requires both start and end dates
Date start must be before date end,Date start must be before date end
Date To,Date To
Date — التاريخ,Date — التاريخ
Date:,Date:
day,day
Day of Week,Day of Week
Day of Week condition requires a day selection,Day of Week condition requires a day selection
Day Pass,Day Pass
Day Pass & Trials / تصريح اليوم والتجربة,Day Pass & Trials / تصريح اليوم والتجربة
Day Pass Count / عدد التصاريح اليومية,Day Pass Count / عدد التصاريح اليومية
Day Pass Created!,Day Pass Created!
Day pass date cannot be in the past,Day pass date cannot be in the past
Day pass is not checked in,Day pass is not checked in
Day pass issuance,Day pass issuance
Day pass must be Active to check in (current: {0}),Day pass must be Active to check in (current: {0})
Day Pass QR,Day Pass QR
Day Pass Revenue / إيرادات التصاريح اليومية,Day Pass Revenue / إيرادات التصاريح اليومية
Day pass status is {0} — cannot check in,Day pass status is {0} — cannot check in
Day Pass System,Day Pass System
Day Pass {0} created for {1},Day Pass {0} created for {1}
Day Pass {0} not found,Day Pass {0} not found
Day Pass {0} — {1} ({2}),Day Pass {0} — {1} ({2})
Day Pass — تصاريح اليوم,Day Pass — تصاريح اليوم
Day Passes,Day Passes
Day passes provide single-day access without a full membership.,Day passes provide single-day access without a full membership.
days,days
Dear,Dear
Debit,Debit
Decline,Decline
Declined,Declined
Dedicated Desk,Dedicated Desk
Dedicated Desk — مكتب مخصص,Dedicated Desk — مكتب مخصص
Default Branch / الفرع الافتراضي,Default Branch / الفرع الافتراضي
Default Currency,Default Currency
Default Day Pass Rate / سعر التصريح الافتراضي,Default Day Pass Rate / سعر التصريح الافتراضي
Default Gateway,Default Gateway
Default Icon Size,Default Icon Size
Default Instructor,Default Instructor
"Define all available amenities — WiFi, projector, printer, coffee, parking, lockers, etc.","Define all available amenities — WiFi, projector, printer, coffee, parking, lockers, etc."
"Define membership tiers with different access levels, credit allowances, and amenity bundles.","Define membership tiers with different access levels, credit allowances, and amenity bundles."
"Define which documentation entries must be read before this one, creating a structured learning path.","Define which documentation entries must be read before this one, creating a structured learning path."
Delivery,Delivery
Demo Day,Demo Day
Depends On,Depends On
Deposit,Deposit
Deposit / تأمين,Deposit / تأمين
Depth,Depth
Depth — العمق,Depth — العمق
Description,Description
Description (Arabic) / الوصف بالعربية,Description (Arabic) / الوصف بالعربية
Description / الوصف,Description / الوصف
Design Config — إعدادات التصميم,Design Config — إعدادات التصميم
Design Configuration,Design Configuration
Details,Details
Details / التفاصيل,Details / التفاصيل
Directory,Directory
Disable Auto-Renew,Disable Auto-Renew
Discount %,Discount %
Discount % / نسبة الخصم,Discount % / نسبة الخصم
Discussion,Discussion
Display / العرض,Display / العرض
Document (Back) / المستند (وجه خلفي),Document (Back) / المستند (وجه خلفي)
Document (Front) / المستند (وجه أمامي),Document (Front) / المستند (وجه أمامي)
Document Number / رقم المستند,Document Number / رقم المستند
Document Type / نوع المستند,Document Type / نوع المستند
Documentation Entry,Documentation Entry
Documentation Type,Documentation Type
Documentation — التوثيق,Documentation — التوثيق
Download QR Code,Download QR Code
Draft,Draft
Draft / مسودة,Draft / مسودة
Draft → Submitted → Confirmed → Checked In → Checked Out → Invoiced,Draft → Submitted → Confirmed → Checked In → Checked Out → Invoiced
Driver License / رخصة القيادة,Driver License / رخصة القيادة
Driving License,Driving License
Dropped,Dropped
Duration (hours),Duration (hours)
Duration (min),Duration (min)
Dynamic Pricing,Dynamic Pricing
Dynamic pricing applied: {0},Dynamic pricing applied: {0}
"Each booking, day pass, or amenity usage deducts credits. Top-ups and plan renewals add credits.","Each booking, day pass, or amenity usage deducts credits. Top-ups and plan renewals add credits."
Each confirmed booking generates a QR code for self-service check-in.,Each confirmed booking generates a QR code for self-service check-in.
"Each member has a credit wallet showing current balance, total earned, and total spent.","Each member has a credit wallet showing current balance, total earned, and total spent."
"Each plan includes benefits: booking credits, locker access, event invites, etc.","Each plan includes benefits: booking credits, locker access, event invites, etc."
"Each type can have its own default pricing structure: hourly, daily, or monthly rates.","Each type can have its own default pricing structure: hourly, daily, or monthly rates."
Early Bird,Early Bird
Edit Profile,Edit Profile
EGP,EGP
Email,Email
Email / البريد الإلكتروني,Email / البريد الإلكتروني
Employee ↔ Member,Employee ↔ Member
Enable AI Features,Enable AI Features
Enable Analytics / تفعيل التحليلات,Enable Analytics / تفعيل التحليلات
Enable ARKAMOR IoT,Enable ARKAMOR IoT
Enable ARKANOOR Hub,Enable ARKANOOR Hub
Enable Auto-Renew,Enable Auto-Renew
Enable Community / تفعيل المجتمع,Enable Community / تفعيل المجتمع
Enable Day Pass / تفعيل تصريح اليوم,Enable Day Pass / تفعيل تصريح اليوم
Enable Events / تفعيل الفعاليات,Enable Events / تفعيل الفعاليات
Enable Member Directory / تفعيل دليل الأعضاء,Enable Member Directory / تفعيل دليل الأعضاء
Enable Multi-Location / تفعيل تعدد الفروع,Enable Multi-Location / تفعيل تعدد الفروع
Enable Online Payments,Enable Online Payments
Enable RTL,Enable RTL
Enable Trial / تفعيل التجربة,Enable Trial / تفعيل التجربة
Enable VoIP,Enable VoIP
End,End
End Date,End Date
End Date & Time / تاريخ ووقت الانتهاء,End Date & Time / تاريخ ووقت الانتهاء
End Date / تاريخ النهاية,End Date / تاريخ النهاية
End date must be after start date,End date must be after start date
End Time,End Time
End time must be after start time,End time must be after start time
End Time must be after Start Time,End Time must be after Start Time
End time must be after start time.,End time must be after start time.
End — النهاية,End — النهاية
"End-to-end platform for managing shared workspaces — from booking and membership to billing, community, and marketplace. Built on ERPNext for seamless financial integration.","End-to-end platform for managing shared workspaces — from booking and membership to billing, community, and marketplace. Built on ERPNext for seamless financial integration."
Engagement,Engagement
English,English
English Font,English Font
English terms are required,English terms are required
Enroll,Enroll
Enrolled,Enrolled
Enrollment Date,Enrollment Date
Enter your full name,Enter your full name
Enterprise,Enterprise
Enterprise Co-Working Space Management,Enterprise Co-Working Space Management
Entity,Entity
Entity Relationships — علاقات البيانات,Entity Relationships — علاقات البيانات
Entity Type,Entity Type
Entity Type — نوع الكيان,Entity Type — نوع الكيان
Entity — الكيان,Entity — الكيان
"Entries support Markdown, images, and code examples for technical documentation.","Entries support Markdown, images, and code examples for technical documentation."
ERPNext Branch / فرع ERPNext,ERPNext Branch / فرع ERPNext
Error,Error
Evening,Evening
Event,Event
Event Attendee,Event Attendee
Event coordination,Event coordination
Event is full,Event is full
Event Management,Event Management
Event Management & RSVP,Event Management & RSVP
Event Name (Arabic) / اسم الفعالية بالعربية,Event Name (Arabic) / اسم الفعالية بالعربية
Event Name / اسم الفعالية,Event Name / اسم الفعالية
Event Registration,Event Registration
Event Registration Update,Event Registration Update
Event Space,Event Space
Event Space — قاعة فعاليات,Event Space — قاعة فعاليات
Event Type / نوع الفعالية,Event Type / نوع الفعالية
Events,Events
Events can be open to all or restricted to membership tiers.,Events can be open to all or restricted to membership tiers.
Events — الفعاليات,Events — الفعاليات
"Every credit movement is logged with type, amount, reference document, and timestamp.","Every credit movement is logged with type, amount, reference document, and timestamp."
"Exam room scheduling, specialist time-slots. Patient check-in via QR, billing integration with insurance.","Exam room scheduling, specialist time-slots. Patient check-in via QR, billing integration with insurance."
Exchange Rate,Exchange Rate
Expected,Expected
Expected & checked in,Expected & checked in
Expected Arrival,Expected Arrival
Expected Departure,Expected Departure
Expected departure must be after expected arrival,Expected departure must be after expected arrival
Expected Start,Expected Start
Expert,Expert
Expire,Expire
Expired,Expired
expired,expired
Expired / منتهي,Expired / منتهي
Expires,Expires
Expires At,Expires At
Expiry / الانتهاء,Expiry / الانتهاء
Expiry Date / تاريخ الانتهاء,Expiry Date / تاريخ الانتهاء
Explore,Explore
Explore Connections,Explore Connections
Explore Relationships,Explore Relationships
Explore your ARKSpace tools:,Explore your ARKSpace tools:
Explorer,Explorer
Extend / Shorten,Extend / Shorten
Extend / Shorten — تمديد أو تقصير,Extend / Shorten — تمديد أو تقصير
Failed,Failed
Failed to cancel booking,Failed to cancel booking
Failed to generate QR for booking {0},Failed to generate QR for booking {0}
Failed to initiate payment. Please check your payment gateway configuration.,Failed to initiate payment. Please check your payment gateway configuration.
Failed to load schedule,Failed to load schedule
FAQ,FAQ
Fawry,Fawry
Feature,Feature
Features,Features
Fee,Fee
Fee / الرسوم,Fee / الرسوم
Fee Amount,Fee Amount
Feed,Feed
Feedback,Feedback
Feedback & Notes,Feedback & Notes
Field Restrictions,Field Restrictions
"Fill in visitor details and save, or use Quick Walk-in for immediate check-in.","Fill in visitor details and save, or use Quick Walk-in for immediate check-in."
Filter,Filter
Filter by branch,Filter by branch
Financial / البيانات المالية,Financial / البيانات المالية
Find Free Space,Find Free Space
Find Free Spaces,Find Free Spaces
Find Free Spaces — ابحث عن مساحة فارغة,Find Free Spaces — ابحث عن مساحة فارغة
First Membership Plan — خطة العضوية الأولى,First Membership Plan — خطة العضوية الأولى
Fiscal Year Start,Fiscal Year Start
Fitness & Wellness,Fitness & Wellness
Fixed Amount,Fixed Amount
Floor,Floor
Floor / الطابق,Floor / الطابق
Floor Plan,Floor Plan
Floor plan monitoring,Floor plan monitoring
Floor Plan — مخطط الطابق,Floor Plan — مخطط الطابق
Floor — الطابق,Floor — الطابق
Flow,Flow
"Follow the onboarding wizard to learn how ARKSpace works, or jump directly to any section.","Follow the onboarding wizard to learn how ARKSpace works, or jump directly to any section."
Follow Up,Follow Up
Follow Up Date,Follow Up Date
Forecast,Forecast
Forecast Start,Forecast Start
Foreign Company Docs / مستندات شركة أجنبية,Foreign Company Docs / مستندات شركة أجنبية
frappe_visual is required. Please install it first.,frappe_visual is required. Please install it first.
Free,Free
Free Session,Free Session
free spaces found,free spaces found
Free Trial,Free Trial
Fri,Fri
Friday,Friday
From,From
From / من,From / من
From Date,From Date
From Member / من العضو,From Member / من العضو
From Member Name / اسم العضو المرسل,From Member Name / اسم العضو المرسل
Front Desk,Front Desk
Front Desk Bundle,Front Desk Bundle
Full Admin Bundle,Full Admin Bundle
Full Day,Full Day
Full Documentation,Full Documentation
Full ERP Integration (ERPNext),Full ERP Integration (ERPNext)
Full Interactive Tour,Full Interactive Tour
Full Name,Full Name
Full system configuration,Full system configuration
Fullscreen,Fullscreen
Gallery,Gallery
Gallery Images,Gallery Images
Gateway,Gateway
Gateway Details,Gateway Details
Gateway Fee,Gateway Fee
Gateway Reference,Gateway Reference
Gateway Response,Gateway Response
Gateway Status,Gateway Status
General,General
Generate QR Code,Generate QR Code
Generating QR Code...,Generating QR Code...
Generating QR codes for today's bookings...,Generating QR codes for today's bookings...
Get Day Pass,Get Day Pass
Get instant access to our workspace — no membership required,Get instant access to our workspace — no membership required
Get Started,Get Started
Getting Started — ابدأ الآن,Getting Started — ابدأ الآن
Go to Login,Go to Login
Gold,Gold
Grand Total,Grand Total
Grid View — عرض الشبكة,Grid View — عرض الشبكة
Group By,Group By
Guest,Guest
Guest Name,Guest Name
Guest Type,Guest Type
Hackathon,Hackathon
Half Day,Half Day
Handle membership lifecycle,Handle membership lifecycle
Help,Help
Here are the visual tools available to you:,Here are the visual tools available to you:
Here's how the booking flow works:,Here's how the booking flow works:
Host,Host
Host (Member),Host (Member)
Host Department,Host Department
Host Name,Host Name
Host Notification,Host Notification
Host:,Host:
Hot Desk,Hot Desk
Hot Desk — مكتب مشترك,Hot Desk — مكتب مشترك
"Hot Desk, Private Office, Meeting Room…","Hot Desk, Private Office, Meeting Room…"
Hourly,Hourly
Hourly Price,Hourly Price
Hourly Rate,Hourly Rate
Hourly · Daily · Monthly,Hourly · Daily · Monthly
Hours Booked,Hours Booked
hours included,hours included
How Spaces & Bookings Work,How Spaces & Bookings Work
hr,hr
Icon,Icon
Icon Class,Icon Class
Icon Library,Icon Library
Icons,Icons
ID Number,ID Number
ID Type,ID Type
ID Verification,ID Verification
Idea,Idea
"If you have any questions, please contact our front desk.","If you have any questions, please contact our front desk."
Image / الصورة,Image / الصورة
In Progress,In Progress
Included Credits,Included Credits
Included Hours,Included Hours
Included Hours / Month,Included Hours / Month
Industry Use-Cases — حالات الاستخدام,Industry Use-Cases — حالات الاستخدام
Initial Credits,Initial Credits
Initiated,Initiated
Initiated At,Initiated At
Initiating payment...,Initiating payment...
Instructor,Instructor
Insufficient credits,Insufficient credits
"Insufficient credits. Available: {0}, Requested: {1}","Insufficient credits. Available: {0}, Requested: {1}"
Integration Setup,Integration Setup
Integrations,Integrations
Integrations — التكاملات,Integrations — التكاملات
Interactive 2D Floor Plan,Interactive 2D Floor Plan
Interest,Interest
Interest Level,Interest Level
Interested,Interested
Interested Plan,Interested Plan
Interested Space Type,Interested Space Type
Intermediate,Intermediate
Internal Notes,Internal Notes
Interview,Interview
Invalid action. Use 'accept' or 'decline'.,Invalid action. Use 'accept' or 'decline'.
Invalid QR code — authentication failed,Invalid QR code — authentication failed
Invalid QR code — missing parameters,Invalid QR code — missing parameters
Invalid webhook signature,Invalid webhook signature
Invoice,Invoice
Invoice Prefix,Invoice Prefix
Invoices,Invoices
Iqama,Iqama
Is Active / نشط,Is Active / نشط
Is Anonymous / مجهول,Is Anonymous / مجهول
Is Featured / مميز,Is Featured / مميز
Is Free / مجاني,Is Free / مجاني
Is Mandatory,Is Mandatory
Is Pinned / مثبت,Is Pinned / مثبت
Is Trial,Is Trial
Issue at front desk or online. QR code generated for entry.,Issue at front desk or online. QR code generated for entry.
Issue Date / تاريخ الإصدار,Issue Date / تاريخ الإصدار
Issuing Authority / جهة الإصدار,Issuing Authority / جهة الإصدار
It will be auto-renewed.,It will be auto-renewed.
Job Posting,Job Posting
Join ARKSpace,Join ARKSpace
Key business workflows in ARKSpace,Key business workflows in ARKSpace
Knowledge Base,Knowledge Base
Language,Language
Last 30 Days,Last 30 Days
Last 6 Months,Last 6 Months
Last 60 Days,Last 60 Days
Last 90 Days,Last 90 Days
Last Reviewed,Last Reviewed
Last Year,Last Year
Latitude / خط العرض,Latitude / خط العرض
Lead,Lead
Lead already converted,Lead already converted
Lead Conversion,Lead Conversion
"Lead conversion funnel, tour scheduling, follow-up tracking.","Lead conversion funnel, tour scheduling, follow-up tracking."
Lead Name,Lead Name
Lead Pipeline,Lead Pipeline
Lead Prefix,Lead Prefix
Leave 0 for free trial / اترك 0 للتجربة المجانية,Leave 0 for free trial / اترك 0 للتجربة المجانية
Legal Document,Legal Document
Legal Document / المستند القانوني,Legal Document / المستند القانوني
Legal Documents,Legal Documents
Legal Documents / المستندات القانونية,Legal Documents / المستندات القانونية
Legal Documents — المستندات القانونية,Legal Documents — المستندات القانونية
Legal Documents — المستندات القانونية للعقود,Legal Documents — المستندات القانونية للعقود
Legend,Legend
Let's set up your co-working space in a few easy steps.,Let's set up your co-working space in a few easy steps.
Level,Level
Like,Like
Like ♡,Like ♡
Liked,Liked
Liked!,Liked!
Likes Count / عدد الإعجابات,Likes Count / عدد الإعجابات
Link Color,Link Color
Link Hover Color,Link Hover Color
"Link legal documents (NDAs, terms of service, waivers) to specific contracts.","Link legal documents (NDAs, terms of service, waivers) to specific contracts."
Link related documentation entries to help readers discover connected topics and guides.,Link related documentation entries to help readers discover connected topics and guides.
Link spaces to floor zones for the Live Floor Plan view.,Link spaces to floor zones for the Live Floor Plan view.
Link to Spaces,Link to Spaces
Linked Documents,Linked Documents
Links,Links
Live,Live
Live Floor Plan,Live Floor Plan
Live Plan,Live Plan
Load More,Load More
Loading command center...,Loading command center...
Loading community...,Loading community...
Loading exploration…,Loading exploration…
Loading explorer...,Loading explorer...
Loading flow...,Loading flow...
Loading graph...,Loading graph...
Loading schedule…,Loading schedule…
Localization,Localization
Location / الموقع,Location / الموقع
Login here,Login here
Long Booking,Long Booking
Longitude / خط الطول,Longitude / خط الطول
Lost,Lost
lost,lost
Lunch & Learn,Lunch & Learn
Main Branch,Main Branch
Main Image,Main Image
"Maintain a library of legal documents — terms of service, NDAs, waivers, and policies.","Maintain a library of legal documents — terms of service, NDAs, waivers, and policies."
Maintenance,Maintenance
Maintenance Spaces / مساحات الصيانة,Maintenance Spaces / مساحات الصيانة
Maintenance — صيانة,Maintenance — صيانة
Manage multiple locations with independent settings but centralized reporting.,Manage multiple locations with independent settings but centralized reporting.
Manage spaces and process bookings,Manage spaces and process bookings
Manager,Manager
Manager Bundle,Manager Bundle
Manual,Manual
Mark one image as the primary thumbnail that appears in listings and cards.,Mark one image as the primary thumbnail that appears in listings and cards.
Mark {0} booking(s) as No Show?,Mark {0} booking(s) as No Show?
Marketplace,Marketplace
Marketplace access,Marketplace access
Master Legal Library,Master Legal Library
Mastery,Mastery
Max Adjustment Cap,Max Adjustment Cap
Max Attendees / الحد الأقصى للحضور,Max Attendees / الحد الأقصى للحضور
Max Capacity / السعة القصوى,Max Capacity / السعة القصوى
Max Guests,Max Guests
Max Hours,Max Hours
Max Participants,Max Participants
Max Trial Days / أقصى أيام التجربة,Max Trial Days / أقصى أيام التجربة
Media,Media
Medical Clinics,Medical Clinics
Meeting,Meeting
Meeting Room,Meeting Room
Meeting Room Hours / Month,Meeting Room Hours / Month
Meeting Room — غرفة اجتماعات,Meeting Room — غرفة اجتماعات
meeting rooms,meeting rooms
Meeting URL,Meeting URL
Meetup,Meetup
Member,Member
Member (Customer),Member (Customer)
Member / Customer,Member / Customer
Member / العميل,Member / العميل
Member Activity,Member Activity
Member Analytics,Member Analytics
Member Bundle,Member Bundle
Member check-in/check-out,Member check-in/check-out
Member Contract,Member Contract
Member Credit Wallet,Member Credit Wallet
Member Details / بيانات العميل,Member Details / بيانات العميل
Member Directory,Member Directory
Member Email,Member Email
Member Events,Member Events
Member Growth,Member Growth
Member Name,Member Name
Member Name / اسم العميل,Member Name / اسم العميل
Member not found,Member not found
Member Signature / توقيع العميل,Member Signature / توقيع العميل
Member Skill,Member Skill
Member Skills — مهارات العضو,Member Skills — مهارات العضو
Member Tier,Member Tier
Member — العضو,Member — العضو
Members,Members
Members / الأعضاء,Members / الأعضاء
"Members browse available spaces, create bookings, and go through the confirmation and check-in flow.","Members browse available spaces, create bookings, and go through the confirmation and check-in flow."
Members can list their skills and expertise for the community directory and networking.,Members can list their skills and expertise for the community directory and networking.
"Members can share knowledge, ask questions, and post announcements on the community board.","Members can share knowledge, ask questions, and post announcements on the community board."
"Members choose a plan, register, and enjoy active membership with renewal and upgrade options.","Members choose a plan, register, and enjoy active membership with renewal and upgrade options."
"Members connect, share events, and build a vibrant co-working community.","Members connect, share events, and build a vibrant co-working community."
Members will appear here when they connect with each other,Members will appear here when they connect with each other
Membership,Membership
Membership / العضوية,Membership / العضوية
Membership Analytics,Membership Analytics
Membership Card,Membership Card
Membership created: {0},Membership created: {0}
Membership Credit Applied,Membership Credit Applied
Membership dashboard,Membership dashboard
Membership Details,Membership Details
Membership Distribution,Membership Distribution
Membership Expiring Soon,Membership Expiring Soon
Membership Expiring Soon — {{ doc.membership_plan }},Membership Expiring Soon — {{ doc.membership_plan }}
Membership Expiry Reminder,Membership Expiry Reminder
Membership Expiry Reminder — {0} days,Membership Expiry Reminder — {0} days
Membership Lifecycle,Membership Lifecycle
Membership lifecycle: from plan selection to renewal.,Membership lifecycle: from plan selection to renewal.
Membership Payment / دفعة عضوية,Membership Payment / دفعة عضوية
Membership Plan,Membership Plan
Membership plan {0} — {1},Membership plan {0} — {1}
Membership Plans — خطط العضوية,Membership Plans — خطط العضوية
Membership Prefix,Membership Prefix
Membership Receipt,Membership Receipt
Membership renewed! New membership: {0},Membership renewed! New membership: {0}
Membership Revenue,Membership Revenue
Membership Revenue / إيرادات العضويات,Membership Revenue / إيرادات العضويات
Membership transferred from {0} to {1},Membership transferred from {0} to {1}
Membership transferred to {0},Membership transferred to {0}
Membership Welcome,Membership Welcome
Membership {0} created! Credit: {1},Membership {0} created! Credit: {1}
Membership {0} — Plan: {1} ({2}),Membership {0} — Plan: {1} ({2})
Membership — عضوية,Membership — عضوية
Memberships,Memberships
Memberships — العضويات,Memberships — العضويات
Message / الرسالة,Message / الرسالة
Messaging,Messaging
Meta,Meta
Method,Method
Min Hours,Min Hours
Minimum Rate,Minimum Rate
Minimum Rate Floor,Minimum Rate Floor
Mode,Mode
Module Map — خريطة الوحدات,Module Map — خريطة الوحدات
Module Name,Module Name
Module Structure,Module Structure
"Module, Action, Field, Report","Module, Action, Field, Report"
Mon,Mon
Monday,Monday
Month,Month
month,month
Month Revenue,Month Revenue
Monthly,Monthly
Monthly / شهري,Monthly / شهري
Monthly Bookings,Monthly Bookings
Monthly Budget,Monthly Budget
Monthly Price,Monthly Price
Monthly price must be greater than zero,Monthly price must be greater than zero
Monthly Rate,Monthly Rate
Monthly Revenue,Monthly Revenue
Move,Move
Move Booking — نقل الحجز,Move Booking — نقل الحجز
Move failed,Move failed
Move to Another Space,Move to Another Space
Moving booking…,Moving booking…
Multi-Branch Centralized,Multi-Branch Centralized
Multi-Branch Management,Multi-Branch Management
Multi-Location / تعدد الفروع,Multi-Location / تعدد الفروع
Multi-Vendor Marketplace,Multi-Vendor Marketplace
"Multi-vendor marketplace for co-working services, supplies, equipment rental. Cross-branch inventory and fulfillment.","Multi-vendor marketplace for co-working services, supplies, equipment rental. Cross-branch inventory and fulfillment."
"Multiple print formats available: bilingual (AR/EN), Arabic-only, and English-only.","Multiple print formats available: bilingual (AR/EN), Arabic-only, and English-only."
Multiplier,Multiplier
Multiplier must be greater than zero,Multiplier must be greater than zero
My Connections,My Connections
My Memberships,My Memberships
My Payments,My Payments
My Profile,My Profile
My Profile — ARKSpace,My Profile — ARKSpace
m²,m²
National ID,National ID
National ID / البطاقة الشخصية,National ID / البطاقة الشخصية
Navigation History,Navigation History
Need at least 3 months of data,Need at least 3 months of data
Need Follow Up,Need Follow Up
Need more help?,Need more help?
Negotiating,Negotiating
Net Amount,Net Amount
Net Amount / الصافي,Net Amount / الصافي
Net Growth,Net Growth
Net Received,Net Received
Networking,Networking
Networking Request,Networking Request
Networking Request Accepted,Networking Request Accepted
Networking — التواصل,Networking — التواصل
New,New
New Booking,New Booking
New Bookings / حجوزات جديدة,New Bookings / حجوزات جديدة
New Community Post,New Community Post
New End,New End
New End Time,New End Time
New Members,New Members
New Members / أعضاء جدد,New Members / أعضاء جدد
New Networking Request,New Networking Request
New Plan,New Plan
New Post,New Post
New Space,New Space
New Start,New Start
New → Active → Expiring → Expired. Auto-renewal and manual renewal supported.,New → Active → Expiring → Expired. Auto-renewal and manual renewal supported.
Next,Next
Next Follow Up,Next Follow Up
No,No
No account found,No account found
No active memberships,No active memberships
No analytics data available for the selected period.,No analytics data available for the selected period.
No attendees registered yet,No attendees registered yet
No available spaces found,No available spaces found
No Branch,No Branch
No branch data available,No branch data available
No community data yet,No community data yet
No free spaces found for this time slot.,No free spaces found for this time slot.
No invoices found,No invoices found
No linked customer account found. Contact support to link your account.,No linked customer account found. Contact support to link your account.
No linked Customer for {0}. Invoice not created.,No linked Customer for {0}. Invoice not created.
No linked Customer found for {0}. Sales Invoice was not created.,No linked Customer found for {0}. Sales Invoice was not created.
No members found,No members found
No membership found,No membership found
No online payments,No online payments
No other plans available.,No other plans available.
No Plan (Free Account),No Plan (Free Account)
No posts yet,No posts yet
No posts yet. Be the first to share!,No posts yet. Be the first to share!
No profile data,No profile data
No recent bookings,No recent bookings
No relationships found,No relationships found
No Show,No Show
No Shows / عدم الحضور,No Shows / عدم الحضور
No space types defined,No space types defined
No spaces available,No spaces available
No spaces available at the moment.,No spaces available at the moment.
No spaces found,No spaces found
No spaces of this type exist. Create some first.,No spaces of this type exist. Create some first.
No upcoming bookings,No upcoming bookings
No upcoming events,No upcoming events
No {0} rate configured for space {1},No {0} rate configured for space {1}
Not enough data for forecasting (need 14+ days),Not enough data for forecasting (need 14+ days)
Not Interested,Not Interested
Notarized Document / مستند موثق,Notarized Document / مستند موثق
Notes,Notes
Notes / ملاحظات,Notes / ملاحظات
Notes — ملاحظات,Notes — ملاحظات
Notifications,Notifications
Number / الرقم,Number / الرقم
Numbering,Numbering
Occupancy,Occupancy
Occupancy %,Occupancy %
Occupancy Heatmap,Occupancy Heatmap
Occupancy Rate,Occupancy Rate
Occupancy Rate / نسبة الإشغال,Occupancy Rate / نسبة الإشغال
Occupancy Report,Occupancy Report
Occupied,Occupied
Occupied Spaces / المساحات المشغولة,Occupied Spaces / المساحات المشغولة
Occupied — مشغول,Occupied — مشغول
Off-Peak Discount,Off-Peak Discount
Office Rental,Office Rental
Onboarding,Onboarding
one-time,one-time
One-time / مرة واحدة,One-time / مرة واحدة
Online,Online
Online / إلكتروني,Online / إلكتروني
Online Pay,Online Pay
Online Payment,Online Payment
Online payment via {0} — {1},Online payment via {0} — {1}
Online payment {0} failed — {1},Online payment {0} failed — {1}
Online Payments,Online Payments
Online payments are not enabled. Please contact the administrator.,Online payments are not enabled. Please contact the administrator.
Online Payments — الدفع الإلكتروني,Online Payments — الدفع الإلكتروني
Online Session,Online Session
Only active memberships can be transferred,Only active memberships can be transferred
Only active memberships can be upgraded,Only active memberships can be upgraded
Only Checked In bookings can be checked out. Current status: {0},Only Checked In bookings can be checked out. Current status: {0}
Only checked-in bookings can be checked out.,Only checked-in bookings can be checked out.
Only completed payments can be refunded,Only completed payments can be refunded
Only confirmed bookings can be checked in.,Only confirmed bookings can be checked in.
Only Confirmed bookings can be checked in. Current status: {0},Only Confirmed bookings can be checked in. Current status: {0}
Only submitted bookings can be extended.,Only submitted bookings can be extended.
Only submitted bookings can be moved.,Only submitted bookings can be moved.
Only submitted bookings can be split.,Only submitted bookings can be split.
Only submitted memberships can be renewed,Only submitted memberships can be renewed
Only the recipient can accept this request,Only the recipient can accept this request
Only the recipient can decline this request,Only the recipient can decline this request
Open Booking,Open Booking
Open for Registration,Open for Registration
Open in Form,Open in Form
Open Source,Open Source
Open Space,Open Space
Opening Time / وقت الافتتاح,Opening Time / وقت الافتتاح
Opening time must be before closing time,Opening time must be before closing time
Operations,Operations
Operations / العمليات,Operations / العمليات
Operations Bundle,Operations Bundle
optional — you can choose later,optional — you can choose later
"Organize spaces by type: Hot Desk, Private Office, Meeting Room, Event Hall, Studio, etc.","Organize spaces by type: Hot Desk, Private Office, Meeting Room, Event Hall, Studio, etc."
"Organize training content into modules — each module contains sessions, resources, and assessments.","Organize training content into modules — each module contains sessions, resources, and assessments."
Organizer / المنظم,Organizer / المنظم
organizes,organizes
Other,Other
Other / أخرى,Other / أخرى
Other Booking,Other Booking
Other Revenue / إيرادات أخرى,Other Revenue / إيرادات أخرى
Outcome,Outcome
Outstanding,Outstanding
Override Rate,Override Rate
Override rate cannot be negative,Override rate cannot be negative
Overview — نظرة عامة,Overview — نظرة عامة
pages/month,pages/month
Paid,Paid
Panel,Panel
Parent,Parent
Part 1 stays in,Part 1 stays in
Part 2 moves to the space you choose.,Part 2 moves to the space you choose.
Partially Refunded,Partially Refunded
Partner,Partner
Pass,Pass
Pass Date,Pass Date
Pass Type,Pass Type
Passes & Visitors / التصاريح والزوار,Passes & Visitors / التصاريح والزوار
Passes expire at end of business day automatically.,Passes expire at end of business day automatically.
Passport,Passport
Passport / جواز السفر,Passport / جواز السفر
Past Events,Past Events
Past Memberships,Past Memberships
Patterns / الأنماط,Patterns / الأنماط
Pay,Pay
Pay Online,Pay Online
Payment,Payment
Payment amount must be greater than zero,Payment amount must be greater than zero
Payment completed successfully!,Payment completed successfully!
Payment Date / تاريخ الدفع,Payment Date / تاريخ الدفع
Payment Details,Payment Details
Payment Details / بيانات الدفع,Payment Details / بيانات الدفع
Payment Entry,Payment Entry
Payment failed. Please try again.,Payment failed. Please try again.
Payment For,Payment For
Payment Gateways,Payment Gateways
Payment ID,Payment ID
Payment initiation failed. Please try again.,Payment initiation failed. Please try again.
Payment Link Expiry (hours),Payment Link Expiry (hours)
Payment Method,Payment Method
Payment Method / طريقة الدفع,Payment Method / طريقة الدفع
Payment Period / فترة الدفع,Payment Period / فترة الدفع
Payment Receipt,Payment Receipt
Payment Receipts — إيصالات الدفع,Payment Receipts — إيصالات الدفع
Payment received successfully! Thank you.,Payment received successfully! Thank you.
Payment Reconciliation,Payment Reconciliation
Payment Reconciliation Error,Payment Reconciliation Error
Payment status: {0},Payment status: {0}
Payment Success Message,Payment Success Message
Payment Webhook Error,Payment Webhook Error
Payment window opened. Complete the payment in the new tab.,Payment window opened. Complete the payment in the new tab.
Payment {0} completed!,Payment {0} completed!
Payments,Payments
PayPal,PayPal
Peak Hour / ساعة الذروة,Peak Hour / ساعة الذروة
Peak Hours,Peak Hours
"Peak hours, cancellation rates, no-show tracking, average booking duration.","Peak hours, cancellation rates, no-show tracking, average booking duration."
Pending,Pending
Pending / قيد المراجعة,Pending / قيد المراجعة
Pending Requests,Pending Requests
Percentage,Percentage
Period,Period
Period To must be after Period From,Period To must be after Period From
Period Type / نوع الفترة,Period Type / نوع الفترة
Permissions,Permissions
Personal Information,Personal Information
persons,persons
Phone,Phone
Phone / الهاتف,Phone / الهاتف
Pin,Pin
Pin Post,Pin Post
Pinned Posts,Pinned Posts
Placeholders,Placeholders
Plan,Plan
Plan / الخطة,Plan / الخطة
Plan Benefits,Plan Benefits
Plan Name,Plan Name
Plan Name (Arabic),Plan Name (Arabic)
Plan Pricing,Plan Pricing
Plan Setup,Plan Setup
Plan Type,Plan Type
Plans,Plans
Plans & Tiers,Plans & Tiers
Platinum,Platinum
Please contact us to renew your membership and continue enjoying our services.,Please contact us to renew your membership and continue enjoying our services.
Please enter your name first,Please enter your name first
Please fill in the required fields.,Please fill in the required fields.
Please link a Customer before marking as Converted,Please link a Customer before marking as Converted
Please login to access the member portal,Please login to access the member portal
Please login to access your memberships,Please login to access your memberships
Please login to book a space,Please login to book a space
Please login to view your payments,Please login to view your payments
Please login to view your profile,Please login to view your profile
Please register or contact us to set up your membership.,Please register or contact us to set up your membership.
Please renew your membership to continue enjoying our services.,Please renew your membership to continue enjoying our services.
Please select a Contract Template first,Please select a Contract Template first
Please select a different plan or billing cycle,Please select a different plan or billing cycle
Please select bookings first,Please select bookings first
Points,Points
Popular,Popular
Popular (10+ likes),Popular (10+ likes)
Popular Booking Type / نوع الحجز الأكثر شعبية,Popular Booking Type / نوع الحجز الأكثر شعبية
Popular Space Type / نوع المساحة الأكثر شعبية,Popular Space Type / نوع المساحة الأكثر شعبية
Populate from Template,Populate from Template
Portal Appearance,Portal Appearance
Post,Post
Post created successfully,Post created successfully
Post Type / نوع المنشور,Post Type / نوع المنشور
Postal Code / الرمز البريدي,Postal Code / الرمز البريدي
posted,posted
Postponed,Postponed
Posts,Posts
"Posts support likes, pinning, and comment threads to foster engagement.","Posts support likes, pinning, and comment threads to foster engagement."
Power of Attorney / توكيل رسمي,Power of Attorney / توكيل رسمي
Powered by ARKSpace,Powered by ARKSpace
"Pre-register visitors, track walk-ins, and generate entry badges with QR codes.","Pre-register visitors, track walk-ins, and generate entry badges with QR codes."
Pre-registered,Pre-registered
Pre-registered By,Pre-registered By
Preparing payment link...,Preparing payment link...
Prerequisite,Prerequisite
Prerequisites,Prerequisites
Prerequisites — المتطلبات المسبقة,Prerequisites — المتطلبات المسبقة
Previous,Previous
Price Adjustment,Price Adjustment
Pricing,Pricing
Pricing by Type,Pricing by Type
Pricing Rule,Pricing Rule
Pricing rules & contracts,Pricing rules & contracts
Pricing Rules — قواعد التسعير,Pricing Rules — قواعد التسعير
Primary Color,Primary Color
Primary Image,Primary Image
Primary Language,Primary Language
Print,Print
Print Arabic Contract,Print Arabic Contract
Print Badge,Print Badge
Print Bilingual,Print Bilingual
Print English Contract,Print English Contract
Print Formats,Print Formats
Print QR,Print QR
Print QR Code,Print QR Code
Printing Pages / Month,Printing Pages / Month
Private Office,Private Office
Private Office — مكتب خاص,Private Office — مكتب خاص
Processing refund...,Processing refund...
Processing renewal...,Processing renewal...
Processing upgrade...,Processing upgrade...
Proficiency Level / مستوى الإتقان,Proficiency Level / مستوى الإتقان
Profile,Profile
Progress,Progress
Progress %,Progress %
Progress Tracking,Progress Tracking
Projected,Projected
Promotion,Promotion
Prorated credit: {0},Prorated credit: {0}
Published,Published
Purpose,Purpose
Purpose Details,Purpose Details
Purpose of Visit,Purpose of Visit
Purpose:,Purpose:
QR Check-in,QR Check-in
QR Code,QR Code
QR code check-in,QR code check-in
QR Code generated successfully,QR Code generated successfully
QR code generation requires 'segno' or 'qrcode' package. Install with: pip install segno,QR code generation requires 'segno' or 'qrcode' package. Install with: pip install segno
QR Code Self Check-in,QR Code Self Check-in
QR Generation Error,QR Generation Error
QR Token,QR Token
Qty,Qty
Quarterly,Quarterly
Quarterly / ربع سنوي,Quarterly / ربع سنوي
Question,Question
Quick Access,Quick Access
Quick Book,Quick Book
Quick Book — {0},Quick Book — {0}
Quick Book — حجز سريع,Quick Book — حجز سريع
Quick booking,Quick booking
Quick Links,Quick Links
Quick Walk-in,Quick Walk-in
Quick Walk-in Day Pass,Quick Walk-in Day Pass
Rate,Rate
Rate / القيمة,Rate / القيمة
Rate Multiplier / مضاعف السعر,Rate Multiplier / مضاعف السعر
Rating,Rating
Razorpay,Razorpay
Reactivate,Reactivate
Reading Order,Reading Order
Ready to explore ARKSpace?,Ready to explore ARKSpace?
Real-time 2D floor plan with SVG overlay showing space status and occupancy.,Real-time 2D floor plan with SVG overlay showing space status and occupancy.
Real-time and historical occupancy rates with heatmaps per branch and floor.,Real-time and historical occupancy rates with heatmaps per branch and floor.
Reason,Reason
Recalculate Capacity,Recalculate Capacity
Receipt Date / تاريخ الإيصال,Receipt Date / تاريخ الإيصال
Receipt Generation,Receipt Generation
Receipt Type / نوع الإيصال,Receipt Type / نوع الإيصال
Recent Bookings,Recent Bookings
Recent Posts,Recent Posts
Recipients can accept or decline requests. Accepted connections appear in your network.,Recipients can accept or decline requests. Accepted connections appear in your network.
Reference,Reference
Reference Number / رقم المرجع,Reference Number / رقم المرجع
Referral,Referral
Referral Code,Referral Code
Referred,Referred
Refresh,Refresh
Refund,Refund
Refund Amount,Refund Amount
Refund Payment,Refund Payment
Refund processed via {0} for {1},Refund processed via {0} for {1}
Refund processed: {0},Refund processed: {0}
Refunded,Refunded
Regenerate,Regenerate
Regenerate QR,Regenerate QR
Regenerate QR Code,Regenerate QR Code
Register,Register
Register for Event,Register for Event
Register Now,Register Now
Registered,Registered
Registered successfully!,Registered successfully!
Registering and checking in visitor...,Registering and checking in visitor...
Registration cancelled for {0},Registration cancelled for {0}
Registration Closed,Registration Closed
Registration Deadline / آخر موعد للتسجيل,Registration Deadline / آخر موعد للتسجيل
Registration deadline has passed,Registration deadline has passed
Registration deadline must be before event start,Registration deadline must be before event start
Registration failed. Please try again or contact support.,Registration failed. Please try again or contact support.
Registration Required / التسجيل مطلوب,Registration Required / التسجيل مطلوب
Reject,Reject
Reject Visitor,Reject Visitor
Rejected,Rejected
Rejected / مرفوض,Rejected / مرفوض
Rejected: {0},Rejected: {0}
Related,Related
Related Docs — مستندات ذات صلة,Related Docs — مستندات ذات صلة
Related DocType,Related DocType
Related Documents,Related Documents
Related Documents / المستندات المرتبطة,Related Documents / المستندات المرتبطة
Related Entry,Related Entry
Relation Type,Relation Type
Relations,Relations
Renew,Renew
Renew Membership,Renew Membership
Renew Now,Renew Now
Renewal,Renewal
Renewed,Renewed
renewed,renewed
Reported,Reported
Reports & Analytics,Reports & Analytics
Reports & Analytics — التقارير والتحليلات,Reports & Analytics — التقارير والتحليلات
Request declined,Request declined
Rescheduled,Rescheduled
Reserved,Reserved
Reserved Spaces / المساحات المحجوزة,Reserved Spaces / المساحات المحجوزة
Resource Scheduler,Resource Scheduler
Respond,Respond
Responded At / تاريخ الرد,Responded At / تاريخ الرد
Results,Results
Retention %,Retention %
Retention Days / أيام الاحتفاظ بالبيانات,Retention Days / أيام الاحتفاظ بالبيانات
Retention Rate / نسبة الاحتفاظ,Retention Rate / نسبة الاحتفاظ
Reusable Templates,Reusable Templates
Revenue,Revenue
Revenue / الإيرادات,Revenue / الإيرادات
Revenue by Type,Revenue by Type
Revenue Forecast,Revenue Forecast
Revenue Forecasting & Analytics,Revenue Forecasting & Analytics
Revenue Summary,Revenue Summary
Revenue tracking,Revenue tracking
Revenue Trend,Revenue Trend
Revenue Trends,Revenue Trends
Reviewed By,Reviewed By
Rich Content,Rich Content
RTL Support,RTL Support
Rule Details,Rule Details
Rule Name,Rule Name
Rule Priority,Rule Priority
Rule Type,Rule Type
Rules are evaluated by priority. The first matching rule determines the final price.,Rules are evaluated by priority. The first matching rule determines the final price.
Sales Invoice,Sales Invoice
Sales Invoice {0} cancelled,Sales Invoice {0} cancelled
Sales Invoice {0} created for booking {1},Sales Invoice {0} created for booking {1}
Sales Invoice {0} created for membership {1},Sales Invoice {0} created for membership {1}
Sat,Sat
Saturday,Saturday
Save,Save
Scan for check-in,Scan for check-in
Scan to check in,Scan to check in
Schedule,Schedule
Schedule and track space tours for leads.,Schedule and track space tours for leads.
Schedule guided tours for prospective members. Track attendance and follow-up.,Schedule guided tours for prospective members. Track attendance and follow-up.
Schedule Tour,Schedule Tour
Scheduled,Scheduled
Score,Score
Search,Search
Search across all branches for available spaces,Search across all branches for available spaces
Search members...,Search members...
Seasonal,Seasonal
Seat Number,Seat Number
Second Space,Second Space
Secondary Color,Secondary Color
Secondary Language,Secondary Language
Security & Permissions — الأمان والصلاحيات,Security & Permissions — الأمان والصلاحيات
Security Deposit / التأمين,Security Deposit / التأمين
See Also,See Also
See how ARKSpace compares to the leading co-working management platforms.,See how ARKSpace compares to the leading co-working management platforms.
Select a DocType,Select a DocType
Select a record,Select a record
Select a Space,Select a Space
Select an entity and click Explore,Select an entity and click Explore
Select an entity to explore,Select an entity to explore
Select an entity type and record to explore its connections,Select an entity type and record to explore its connections
"Select space, date/time range, and member. Pricing is auto-calculated.","Select space, date/time range, and member. Pricing is auto-calculated."
Select Target Branch,Select Target Branch
Select the types of spaces you offer.,Select the types of spaces you offer.
Self-service booking,Self-service booking
Send Connection Request,Send Connection Request
Send networking requests to other members based on skills and interests.,Send networking requests to other members based on skills and interests.
Session Date,Session Date
Session Notes,Session Notes
Session Title,Session Title
Session {0} is full ({1}/{2}),Session {0} is full ({1}/{2})
Sessions,Sessions
"Set capacity, hourly/daily/monthly rates, and dynamic pricing rules.","Set capacity, hourly/daily/monthly rates, and dynamic pricing rules."
Set module prerequisites so members progress through a structured learning path.,Set module prerequisites so members progress through a structured learning path.
"Set monthly, quarterly, or annual pricing. Link to ERPNext Item for invoicing.","Set monthly, quarterly, or annual pricing. Link to ERPNext Item for invoicing."
Settings,Settings
Settings & Configuration,Settings & Configuration
Settings / الإعدادات,Settings / الإعدادات
Settings — الإعدادات,Settings — الإعدادات
Setup Fee,Setup Fee
Setup Fee / رسوم تأسيس,Setup Fee / رسوم تأسيس
Setup Fee Charged,Setup Fee Charged
"Shared desks, private offices, meeting rooms. Hourly/daily/monthly booking with membership tiers and community events.","Shared desks, private offices, meeting rooms. Hourly/daily/monthly booking with membership tiers and community events."
Show this QR code at the front desk,Show this QR code at the front desk
Showcase,Showcase
Signatures / التوقيعات,Signatures / التوقيعات
Signed Date / تاريخ التوقيع,Signed Date / تاريخ التوقيع
Silver,Silver
Skill Matching,Skill Matching
Skill Name / اسم المهارة,Skill Name / اسم المهارة
Skill Profiles,Skill Profiles
Skills,Skills
"Skills appear in the member directory, enabling networking requests based on complementary expertise.","Skills appear in the member directory, enabling networking requests based on complementary expertise."
Slot blocked,Slot blocked
Smart Booking (Hourly/Daily/Monthly),Smart Booking (Hourly/Daily/Monthly)
Smart Co-Working Space Management,Smart Co-Working Space Management
Snapshot already exists for {0} - {1},Snapshot already exists for {0} - {1}
Snapshot Date / تاريخ اللقطة,Snapshot Date / تاريخ اللقطة
Snapshot ID / معرف اللقطة,Snapshot ID / معرف اللقطة
Social,Social
Social Media,Social Media
Source,Source
source_text,source_text
Space,Space
Space / المساحة,Space / المساحة
Space / الوحدة,Space / الوحدة
Space Amenities — مرافق المساحة,Space Amenities — مرافق المساحة
Space Booking,Space Booking
Space Explorer,Space Explorer
Space Images — صور المساحة,Space Images — صور المساحة
Space is under maintenance.,Space is under maintenance.
Space maintenance,Space maintenance
Space Name,Space Name
Space Number,Space Number
Space Occupancy,Space Occupancy
Space status monitoring,Space status monitoring
Space Type,Space Type
Space Type / نوع الوحدة,Space Type / نوع الوحدة
Space Types,Space Types
"Space Types categorize your physical resources — Hot Desk, Private Office, Meeting Room, Event Hall, Studio, etc.","Space Types categorize your physical resources — Hot Desk, Private Office, Meeting Room, Event Hall, Studio, etc."
Space Types — أنواع المساحات,Space Types — أنواع المساحات
Space Utilization,Space Utilization
Space {0} is already booked for this time period (Booking: {1}),Space {0} is already booked for this time period (Booking: {1})
Space {0} is under maintenance.,Space {0} is under maintenance.
Spaces,Spaces
Spaces & Bookings,Spaces & Bookings
Spaces Overview / نظرة عامة على المساحات,Spaces Overview / نظرة عامة على المساحات
Spaces to Show,Spaces to Show
Spaces to Show (comma-separated names),Spaces to Show (comma-separated names)
Spaces — المساحات,Spaces — المساحات
Special,Special
Specific Space,Specific Space
"Specify included booking hours, locker access, event invites, and printing credits per plan.","Specify included booking hours, locker access, event invites, and printing credits per plan."
Split,Split
Split At,Split At
Split Booking,Split Booking
Split Booking — تقسيم الحجز,Split Booking — تقسيم الحجز
Split failed,Split failed
Split time must be between booking start and end.,Split time must be between booking start and end.
Stackable,Stackable
Stacking,Stacking
Stacking Group,Stacking Group
Staff scheduling,Staff scheduling
Stakeholders — أصحاب المصلحة,Stakeholders — أصحاب المصلحة
Start,Start
Start a trial membership and experience full benefits,Start a trial membership and experience full benefits
Start by creating events and encouraging members to connect!,Start by creating events and encouraging members to connect!
Start Date,Start Date
Start Date & Time / تاريخ ووقت البدء,Start Date & Time / تاريخ ووقت البدء
Start Date / تاريخ البداية,Start Date / تاريخ البداية
Start Onboarding,Start Onboarding
Start Time,Start Time
Start Trial,Start Trial
Start — البداية,Start — البداية
"Startup desks, mentoring rooms, pitch halls. Milestone-based memberships, investor events, CRM pipeline for startups.","Startup desks, mentoring rooms, pitch halls. Milestone-based memberships, investor events, CRM pipeline for startups."
State / المنطقة,State / المنطقة
Statistics,Statistics
Status,Status
Status / الحالة,Status / الحالة
Status is Converted but no customer linked,Status is Converted but no customer linked
Streak,Streak
Stripe,Stripe
Stripe Configuration,Stripe Configuration
Stripe Publishable Key,Stripe Publishable Key
Stripe Python library is not installed. Run: pip install stripe,Stripe Python library is not installed. Run: pip install stripe
Stripe Secret Key,Stripe Secret Key
Stripe Webhook Secret,Stripe Webhook Secret
"Studio bookings, class scheduling, personal training rooms. Membership + day-pass model with automated renewals.","Studio bookings, class scheduling, personal training rooms. Membership + day-pass model with automated renewals."
Submit,Submit
Subscribe,Subscribe
Subscribe to {0},Subscribe to {0}
Success Color,Success Color
Successfully checked in!,Successfully checked in!
Successfully registered for {0},Successfully registered for {0}
Summary (max 200 chars),Summary (max 200 chars)
Summary must be 200 characters or less,Summary must be 200 characters or less
Sun,Sun
Sunday,Sunday
Suspend,Suspend
Suspended,Suspended
Swap,Swap
Swap Bookings — تبديل الحجوزات,Swap Bookings — تبديل الحجوزات
Swap failed,Swap failed
Swap with Another,Swap with Another
Swapped with {0} — moved from {1} to {2},Swapped with {0} — moved from {1} to {2}
Syllabus,Syllabus
Syllabus / Content Outline,Syllabus / Content Outline
Tags / الوسوم,Tags / الوسوم
Tap,Tap
Tap Configuration,Tap Configuration
Tap Publishable Key,Tap Publishable Key
Tap Secret Key,Tap Secret Key
Tap secret key is not configured in ARKSpace Settings,Tap secret key is not configured in ARKSpace Settings
Tap Webhook Secret,Tap Webhook Secret
Target Branch,Target Branch
Target branch {0} not found,Target branch {0} not found
Tax Card / البطاقة الضريبية,Tax Card / البطاقة الضريبية
Team Size,Team Size
Technical,Technical
Template Name,Template Name
Template Variables,Template Variables
Terminated / منهي,Terminated / منهي
Terms (Arabic) / الشروط بالعربية,Terms (Arabic) / الشروط بالعربية
Terms (English),Terms (English)
Terms (English) / الشروط بالإنجليزية,Terms (English) / الشروط بالإنجليزية
Terms populated from template,Terms populated from template
Territory,Territory
The day pass amount ({0}) will be applied as credit.,The day pass amount ({0}) will be applied as credit.
The name of your co-working space brand,The name of your co-working space brand
This booking has already ended,This booking has already ended
This booking has been cancelled,This booking has been cancelled
This day pass has already been converted,This day pass has already been converted
This day pass is not valid today,This day pass is not valid today
This event is full,This event is full
This will overwrite current contract terms. Continue?,This will overwrite current contract terms. Continue?
Thu,Thu
Thursday,Thursday
Tiered Memberships & Auto-Renewal,Tiered Memberships & Auto-Renewal
Time,Time
Time Range,Time Range
Time Range condition requires both start and end times,Time Range condition requires both start and end times
Time slot has conflicts.,Time slot has conflicts.
Timestamps,Timestamps
Timezone,Timezone
Timezone / المنطقة الزمنية,Timezone / المنطقة الزمنية
Title / العنوان,Title / العنوان
Title / المسمى الوظيفي,Title / المسمى الوظيفي
To,To
To / إلى,To / إلى
To Date,To Date
To Member / إلى العضو,To Member / إلى العضو
To Member Name / اسم العضو المستقبل,To Member Name / اسم العضو المستقبل
Today,Today
Today's Bookings,Today's Bookings
Today's Visitors,Today's Visitors
"Today: {0} passes, {1} checked in, {2} checked out, Revenue: {3}","Today: {0} passes, {1} checked in, {2} checked out, Revenue: {3}"
Too early to check in. Your booking starts at {0},Too early to check in. Your booking starts at {0}
Top-up Methods,Top-up Methods
Total,Total
total,total
Total Amount,Total Amount
Total Awarded,Total Awarded
Total Bookings,Total Bookings
Total Bookings / إجمالي الحجوزات,Total Bookings / إجمالي الحجوزات
Total Credits,Total Credits
Total Desks / إجمالي المكاتب,Total Desks / إجمالي المكاتب
Total Earned,Total Earned
Total Enrollments,Total Enrollments
Total Invoices,Total Invoices
Total Meeting Rooms / إجمالي غرف الاجتماعات,Total Meeting Rooms / إجمالي غرف الاجتماعات
Total Offices / إجمالي المكاتب الخاصة,Total Offices / إجمالي المكاتب الخاصة
Total Paid,Total Paid
Total Revenue,Total Revenue
Total Revenue / إجمالي الإيرادات,Total Revenue / إجمالي الإيرادات
Total Sessions,Total Sessions
Total Spaces,Total Spaces
Total Spaces / إجمالي المساحات,Total Spaces / إجمالي المساحات
Total Spent,Total Spent
Tour,Tour
Tour / Visit,Tour / Visit
Tour Feedback,Tour Feedback
Tour Scheduled,Tour Scheduled
Tour Scheduling,Tour Scheduling
Tours,Tours
Tours — الجولات,Tours — الجولات
Track attendance and completion status for each participant.,Track attendance and completion status for each participant.
Track document versions to ensure members always agree to the latest terms.,Track document versions to ensure members always agree to the latest terms.
Track each member's progress through training modules and sessions.,Track each member's progress through training modules and sessions.
Track performance metrics,Track performance metrics
Track prospective members from inquiry to tour to conversion.,Track prospective members from inquiry to tour to conversion.
Track which legal documents each member has acknowledged and signed.,Track which legal documents each member has acknowledged and signed.
Traditional Co-Working,Traditional Co-Working
Training Badge,Training Badge
Training Badges — شارات التدريب,Training Badges — شارات التدريب
Training Catalog,Training Catalog
Training Module,Training Module
Training Modules — وحدات التدريب,Training Modules — وحدات التدريب
Training Progress — تقدم التدريب,Training Progress — تقدم التدريب
Training Session,Training Session
Training Sessions,Training Sessions
Training — التدريب,Training — التدريب
Transaction Log,Transaction Log
Transactions,Transactions
Transfer,Transfer
Transfer Branch,Transfer Branch
Transfer members and bookings between branches seamlessly.,Transfer members and bookings between branches seamlessly.
Transfer Membership,Transfer Membership
Trend Analysis,Trend Analysis
Trial,Trial
Trial / تجربة,Trial / تجربة
Trial Conversions / تحويلات التجربة,Trial Conversions / تحويلات التجربة
Trial Days / أيام التجربة,Trial Days / أيام التجربة
Trial Days Remaining,Trial Days Remaining
Trial Includes Benefits / التجربة تشمل المزايا,Trial Includes Benefits / التجربة تشمل المزايا
Trial Plan,Trial Plan
Trial Price / سعر التجربة,Trial Price / سعر التجربة
Trial Started!,Trial Started!
Try Before You Join,Try Before You Join
Try changing your filters or check back later.,Try changing your filters or check back later.
Tue,Tue
Tuesday,Tuesday
Tutorial,Tutorial
Type,Type
Type / النوع,Type / النوع
Unassigned,Unassigned
Under Maintenance,Under Maintenance
Underline Links,Underline Links
Unit / Space Details / بيانات الوحدة,Unit / Space Details / بيانات الوحدة
Unit Description / وصف الوحدة,Unit Description / وصف الوحدة
University / Training Centers,University / Training Centers
Unknown error,Unknown error
Unlike,Unlike
Unlike ❤️,Unlike ❤️
Unliked,Unliked
Unpin,Unpin
Unpin Post,Unpin Post
Unsupported payment gateway: {0},Unsupported payment gateway: {0}
Up to {0} guests,Up to {0} guests
Upcoming,Upcoming
Upcoming Bookings,Upcoming Bookings
Upcoming Events,Upcoming Events
Update,Update
Update failed,Update failed
Updating booking…,Updating booking…
Upgrade,Upgrade
Upgrade Membership,Upgrade Membership
Upgrade Now,Upgrade Now
upgraded,upgraded
Upgraded to {0}!,Upgraded to {0}!
Upload multiple images for each space to showcase in the portal and booking screen.,Upload multiple images for each space to showcase in the portal and booking screen.
"Use Jinja variables for member name, dates, pricing, and space details — auto-filled at contract creation.","Use Jinja variables for member name, dates, pricing, and space details — auto-filled at contract creation."
Used,Used
Used Credits,Used Credits
User,User
User & role management,User & role management
User Training Progress,User Training Progress
User {0} is already enrolled in {1},User {0} is already enrolled in {1}
Utilization %,Utilization %
Valid / ساري,Valid / ساري
Valid From,Valid From
Valid To,Valid To
Valid Today Only,Valid Today Only
Validity,Validity
Venue,Venue
Venue Name,Venue Name
Verify with Gateway,Verify with Gateway
Verifying payment with gateway...,Verifying payment with gateway...
Version,Version
Version Control,Version Control
View,View
View Analytics,View Analytics
View Attendees,View Attendees
View Bookings,View Bookings
"View completion percentage, time spent, and badges earned per member.","View completion percentage, time spent, and badges earned per member."
View Details,View Details
View Members,View Members
View Memberships,View Memberships
View Plans,View Plans
View Spaces,View Spaces
View Wallet,View Wallet
Views Count / عدد المشاهدات,Views Count / عدد المشاهدات
Virtual Office,Virtual Office
Virtual Office — مكتب افتراضي,Virtual Office — مكتب افتراضي
"Visit the About page for a full app overview, or start the Onboarding wizard.","Visit the About page for a full app overview, or start the Onboarding wizard."
Visiting Branch,Visiting Branch
Visiting Space,Visiting Space
Visitor,Visitor
VISITOR,VISITOR
Visitor approved,Visitor approved
Visitor arrival notification error,Visitor arrival notification error
VISITOR BADGE,VISITOR BADGE
Visitor Company,Visitor Company
Visitor Count / عدد الزوار,Visitor Count / عدد الزوار
Visitor Email,Visitor Email
Visitor has been approved,Visitor has been approved
Visitor has been rejected,Visitor has been rejected
Visitor Image,Visitor Image
Visitor is already approved,Visitor is already approved
Visitor is already checked in,Visitor is already checked in
Visitor is not checked in,Visitor is not checked in
Visitor is not in a state that allows check-in,Visitor is not in a state that allows check-in
Visitor Log,Visitor Log
Visitor management,Visitor management
Visitor Management,Visitor Management
Visitor must be checked in before checking out,Visitor must be checked in before checking out
Visitor Name,Visitor Name
Visitor notification error,Visitor notification error
Visitor Phone,Visitor Phone
Visitor Pre-registered: {0},Visitor Pre-registered: {0}
Visitor rejected,Visitor rejected
Visitor {0} is already checked in,Visitor {0} is already checked in
Visitors,Visitors
Visitors Today,Visitors Today
Visitors — الزوار,Visitors — الزوار
vs Last Week,vs Last Week
Walk In,Walk In
Walk-in,Walk-in
Wallet,Wallet
Wallet Balance,Wallet Balance
Webhook-based automatic reconciliation keeps your invoices and payments in sync.,Webhook-based automatic reconciliation keeps your invoices and payments in sync.
Webhook: No payment reference,Webhook: No payment reference
Webhook: Payment not found,Webhook: Payment not found
Website,Website
Website / الموقع الإلكتروني,Website / الموقع الإلكتروني
Wed,Wed
Wednesday,Wednesday
Weekend,Weekend
Weekly,Weekly
Welcome,Welcome
Welcome aboard! 🎉 مرحباً بك!,Welcome aboard! 🎉 مرحباً بك!
Welcome to ARKSpace,Welcome to ARKSpace
Welcome to ARKSpace — {{ doc.membership_plan }},Welcome to ARKSpace — {{ doc.membership_plan }}
Welcome to ARKSpace — مرحباً بكم,Welcome to ARKSpace — مرحباً بكم
Welcome to ARKSpace!,Welcome to ARKSpace!
Welcome! Your trial day pass has been created.,Welcome! Your trial day pass has been created.
Wellness,Wellness
What are Space Amenities?,What are Space Amenities?
What are Space Types?,What are Space Types?
What is a Space?,What is a Space?
What would you like to explore?,What would you like to explore?
WhatsApp Notifications,WhatsApp Notifications
"When a visitor checks in, the host member is automatically notified.","When a visitor checks in, the host member is automatically notified."
Why ARKSpace? — لماذا أرك سبيس؟,Why ARKSpace? — لماذا أرك سبيس؟
with another booking.,with another booking.
Withdrawn,Withdrawn
Witness / الشاهد,Witness / الشاهد
Witness ID / رقم هوية الشاهد,Witness ID / رقم هوية الشاهد
Witness Name / اسم الشاهد,Witness Name / اسم الشاهد
Workflow,Workflow
Workflows — سير العمل,Workflows — سير العمل
Working Days / أيام العمل,Working Days / أيام العمل
Workshop,Workshop
Workspace Lead,Workspace Lead
Workspace Name,Workspace Name
Workspace Tour,Workspace Tour
WoW Change,WoW Change
Write something...,Write something...
Yearly,Yearly
Yearly / سنوي,Yearly / سنوي
Yes,Yes
You are already registered for this event,You are already registered for this event
You are not registered for this event,You are not registered for this event
You cannot send a networking request to yourself,You cannot send a networking request to yourself
You do not have permission to access this data,You do not have permission to access this data
You're All Set!,You're All Set!
You're all set!,You're all set!
Your account has been created. A welcome email has been sent to {0}. Please check your email to set your password.,Your account has been created. A welcome email has been sent to {0}. Please check your email to set your password.
Your booking has been cancelled,Your booking has been cancelled
Your booking has been confirmed with the following details,Your booking has been confirmed with the following details
Your co-working space management hub,Your co-working space management hub
Your company or organization,Your company or organization
Your current membership will be cancelled and a prorated credit may apply.,Your current membership will be cancelled and a prorated credit may apply.
Your Day Pass,Your Day Pass
Your day pass is ready. Show the QR code at the front desk.,Your day pass is ready. Show the QR code at the front desk.
Your Details,Your Details
Your membership has been activated successfully,Your membership has been activated successfully
Your membership is expiring on,Your membership is expiring on
Your membership is now active,Your membership is now active
Your membership will be automatically renewed. No action is needed.,Your membership will be automatically renewed. No action is needed.
Your networking request was accepted!,Your networking request was accepted!
Your role,Your role
Your visitor <b>{0}</b> has checked in and is waiting for you.,Your visitor <b>{0}</b> has checked in and is waiting for you.
Your visitor {0} from {1} has arrived,Your visitor {0} from {1} has arrived
Your visitor {0} has arrived,Your visitor {0} has arrived
{0} capacity,{0} capacity
{0} checked in (Day Pass),{0} checked in (Day Pass)
{0} checked in to {1},{0} checked in to {1}
{0} checked in — Badge #{1},{0} checked in — Badge #{1}
{0} checked out,{0} checked out
{0} checked out (Day Pass),{0} checked out (Day Pass)
{0} has arrived,{0} has arrived
{0} has left,{0} has left
{0} legal document(s) found,{0} legal document(s) found
{0} QR codes generated,{0} QR codes generated
{0} — {1} ({2}),{0} — {1} ({2})
{0}: {1},{0}: {1}
{0}: {1} succeeded,{0}: {1} succeeded
اختر كياناً واضغط استكشاف,اختر كياناً واضغط استكشاف
التوثيق بالعربية,التوثيق بالعربية
الحجوزات والعملاء,الحجوزات والعملاء
العنوان بالعربية,العنوان بالعربية
المخطط التفاعلي,المخطط التفاعلي
المستكشف,المستكشف
الملخص بالعربية,الملخص بالعربية
حيوي وعصري — إدارة مساحتك بالكامل من نظام واحد,حيوي وعصري — إدارة مساحتك بالكامل من نظام واحد
شبكة المجتمع,شبكة المجتمع
عضو/مستأجر,عضو/مستأجر
ماذا تريد أن تتعلم؟,ماذا تريد أن تتعلم؟
مالك مساحة مشتركة,مالك مساحة مشتركة
محاسب,محاسب
مدير عمليات,مدير عمليات
مرحباً بك في أرك سبيس! 🚀,مرحباً بك في أرك سبيس! 🚀
مركز القيادة,مركز القيادة
🎫 Memberships,🎫 Memberships
🎫 العضويات,🎫 العضويات
🎯 ابدأ الآن!,🎯 ابدأ الآن!
🏢 Spaces & Bookings,🏢 Spaces & Bookings
🏢 المساحات والحجوزات,🏢 المساحات والحجوزات
👥 Community,👥 Community
👥 المجتمع والتواصل,👥 المجتمع والتواصل
📊 Analytics & Reports,📊 Analytics & Reports
📊 التحليلات والتقارير,📊 التحليلات والتقارير
